Chart Data Export,,,,,,,,,,,,,,,,,,,,,,,,,,,,,,,,,,,,,,,,,,,,,,,,,,,
Dimension 1,weeks,,,,,,,,,,,,,,,,,,,,,,,,,,,,,,,,,,,,,,,,,,,,,,,,,,
Dimension 2,queries,,,,,,,,,,,,,,,,,,,,,,,,,,,,,,,,,,,,,,,,,,,,,,,,,,
Aggregate,volume,,,,,,,,,,,,,,,,,,,,,,,,,,,,,,,,,,,,,,,,,,,,,,,,,,
Start Date,Mon Jan 03 03:00:00 UTC 2022,,,,,,,,,,,,,,,,,,,,,,,,,,,,,,,,,,,,,,,,,,,,,,,,,,
End Date,Mon Dec 26 03:00:00 UTC 2022,,,,,,,,,,,,,,,,,,,,,,,,,,,,,,,,,,,,,,,,,,,,,,,,,,
Project Id,1998327399,,,,,,,,,,,,,,,,,,,,,,,,,,,,,,,,,,,,,,,,,,,,,,,,,,
Query Id,[2001532489],,,,,,,,,,,,,,,,,,,,,,,,,,,,,,,,,,,,,,,,,,,,,,,,,,
,,,,,,,,,,,,,,,,,,,,,,,,,,,,,,,,,,,,,,,,,,,,,,,,,,,
weeks,2022-01-03,2022-01-10,2022-01-17,2022-01-24,2022-01-31,2022-02-07,2022-02-14,2022-02-21,2022-02-28,2022-03-07,2022-03-14,2022-03-21,2022-03-28,2022-04-04,2022-04-11,2022-04-18,2022-04-25,2022-05-02,2022-05-09,2022-05-16,2022-05-23,2022-05-30,2022-06-06,2022-06-13,2022-06-20,2022-06-27,2022-07-04,2022-07-11,2022-07-18,2022-07-25,2022-08-01,2022-08-08,2022-08-15,2022-08-22,2022-08-29,2022-09-05,2022-09-12,2022-09-19,2022-09-26,2022-10-03,2022-10-10,2022-10-17,2022-10-24,2022-10-31,2022-11-07,2022-11-14,2022-11-21,2022-11-28,2022-12-05,2022-12-12,2022-12-19
"Mujer Migrante (Colombia, Ecuador, Per√∫)",246,219,290,248,263,284,311,403,275,442,309,363,291,309,216,296,321,329,328,354,453,414,299,358,346,219,234,301,243,271,263,287,237,256,260,308,238,312,275,304,299,297,296,281,352,331,453,442,330,315,320
